letters,Probability
о,0.11135
е,0.09118
а,0.08125
и,0.06986
н,0.06302
р,0.05643
с,0.05585
л,0.05357
т,0.05177
в,0.04618
д,0.03379
м,0.03212
к,0.02985
п,0.02443
у,0.02285
г,0.01863
ы,0.01849
ь,0.0183
й,0.01615
я,0.01613
б,0.01602
з,0.01553
ч,0.0119
х,0.01049
ж,0.01008
ш,0.00756
ю,0.00537
ц,0.00523
э,0.00314
щ,0.00255
ф,0.00085
ъ,0.00005
